product_id,category,brand,price,margin_rate,initial_stock
1,Accessories,H&M,4.29,0.11,265
2,Beauty,Unbranded,69.93,0.15,421
3,Fashion,Unbranded,11.1,0.13,129
4,Accessories,H&M,27.67,0.11,273
5,Accessories,H&M,12.99,0.34,107
6,Beauty,Zara,7.83,0.15,91
7,Fashion,Gucci,51.07,0.37,400
8,Fashion,Adidas,60.78,0.39,49
9,Accessories,Nike,20.88,0.25,191
10,Shoes,Gucci,4.17,0.1,328
11,Accessories,Unbranded,21.39,0.18,413
12,Accessories,H&M,45.31,0.33,362
13,Accessories,Gucci,10.14,0.18,455
14,Accessories,Adidas,38.35,0.08,196
15,Beauty,Unbranded,32.71,0.24,158
16,Fashion,Nike,52.64,0.35,213
17,Beauty,Nike,36.44,0.33,205
18,Beauty,Adidas,15.2,0.11,237
19,Beauty,Adidas,86.25,0.29,183
20,Accessories,H&M,29.17,0.13,180
21,Shoes,Nike,32.4,0.13,450
22,Fashion,Unbranded,15.7,0.36,32
23,Shoes,Gucci,23.23,0.14,315
24,Beauty,Unbranded,16.32,0.14,108
25,Beauty,Zara,28.84,0.05,343
26,Shoes,Zara,130.24,0.35,61
27,Shoes,Adidas,11.05,0.33,422
28,Shoes,H&M,9.11,0.27,229
29,Beauty,Zara,107.44,0.31,248
30,Beauty,Nike,28.01,0.1,369
31,Fashion,Unbranded,19.39,0.21,294
32,Fashion,Unbranded,76.09,0.17,461
33,Beauty,Adidas,20.4,0.08,298
34,Shoes,Gucci,142.71,0.22,270
35,Shoes,Adidas,56.96,0.37,329
36,Fashion,Gucci,22.41,0.06,227
37,Beauty,Adidas,186.02,0.15,340
38,Fashion,Adidas,20.4,0.12,159
39,Fashion,Adidas,59.96,0.13,299
40,Accessories,Gucci,42.07,0.37,53
41,Accessories,Gucci,93.82,0.21,328
42,Accessories,Adidas,115.49,0.21,411
43,Shoes,Zara,33.97,0.32,37
44,Beauty,H&M,18.12,0.1,76
45,Beauty,H&M,47.85,0.22,131
46,Beauty,H&M,19.26,0.2,24
47,Beauty,Gucci,165.79,0.26,429
48,Accessories,Gucci,36.94,0.4,433
49,Shoes,Zara,24.72,0.32,201
50,Shoes,H&M,38.39,0.19,32
51,Accessories,H&M,11.27,0.34,358
52,Shoes,Adidas,15.22,0.11,304
53,Accessories,Gucci,86.52,0.06,278
54,Beauty,H&M,19.58,0.12,109
55,Accessories,Unbranded,14.33,0.17,123
56,Beauty,Zara,50.87,0.23,398
57,Beauty,Unbranded,85.5,0.27,205
58,Fashion,Unbranded,58.86,0.37,269
59,Accessories,Zara,73.47,0.23,274
60,Fashion,Unbranded,18.08,0.23,95
61,Accessories,H&M,10.62,0.07,405
62,Accessories,Gucci,110.06,0.06,478
63,Fashion,Zara,25.58,0.24,127
64,Fashion,Adidas,27.09,0.2,175
65,Accessories,Unbranded,95.83,0.34,101
66,Shoes,Zara,51.68,0.11,96
67,Beauty,Nike,47.69,0.06,489
68,Fashion,Nike,187.17,0.21,479
69,Beauty,Gucci,19.79,0.13,277
70,Shoes,H&M,69.57,0.07,146
71,Shoes,Gucci,34.66,0.3,410
72,Shoes,Gucci,41.05,0.09,301
73,Fashion,Gucci,112.48,0.26,493
74,Shoes,Gucci,49.71,0.15,107
75,Fashion,Adidas,50.94,0.11,223
76,Shoes,Adidas,78.1,0.18,35
77,Beauty,Zara,24.73,0.33,170
78,Beauty,Nike,16.92,0.19,443
79,Accessories,Gucci,14.36,0.31,273
80,Beauty,Zara,6.87,0.09,207
81,Accessories,Nike,171.57,0.32,348
82,Beauty,Unbranded,13.7,0.13,51
83,Fashion,H&M,27.74,0.29,290
84,Beauty,Adidas,26.54,0.25,416
85,Accessories,Unbranded,42.35,0.38,24
86,Accessories,Nike,63.6,0.19,478
87,Shoes,Unbranded,65.92,0.07,349
88,Fashion,H&M,20.77,0.06,327
89,Beauty,Nike,28.97,0.34,352
90,Shoes,Unbranded,41.52,0.23,188
91,Beauty,Adidas,27.14,0.32,200
92,Beauty,Adidas,119.81,0.13,385
93,Shoes,Zara,49.05,0.17,197
94,Shoes,Unbranded,59.61,0.06,162
95,Shoes,Gucci,56.28,0.39,381
96,Shoes,Unbranded,84.67,0.28,267
97,Shoes,Nike,38.28,0.38,146
98,Beauty,Nike,11.73,0.14,282
99,Shoes,Unbranded,45.59,0.26,59
100,Fashion,H&M,19.67,0.29,431
101,Accessories,Adidas,21.7,0.16,435
102,Shoes,Nike,52.94,0.35,374
103,Shoes,Adidas,89.18,0.38,274
104,Beauty,Nike,33.68,0.36,162
105,Shoes,Zara,42.4,0.31,259
106,Shoes,Gucci,129.25,0.15,247
107,Shoes,Nike,40.15,0.15,360
108,Beauty,Adidas,265.43,0.39,217
109,Shoes,Zara,52.06,0.05,84
110,Accessories,Nike,8.1,0.3,407
111,Beauty,H&M,60.5,0.3,30
112,Accessories,Gucci,44.92,0.27,127
113,Beauty,Nike,92.93,0.4,45
114,Shoes,Zara,56.74,0.16,464
115,Accessories,H&M,29.64,0.17,440
116,Beauty,Unbranded,12.44,0.08,170
117,Fashion,Zara,28.02,0.2,240
118,Shoes,Zara,16.77,0.14,360
119,Beauty,H&M,20.81,0.17,256
120,Fashion,Zara,53.03,0.34,256
121,Beauty,H&M,125.95,0.38,238
122,Fashion,Nike,45.41,0.12,443
123,Shoes,H&M,12.72,0.18,480
124,Accessories,H&M,47.26,0.38,170
125,Fashion,Gucci,86.25,0.07,142
126,Beauty,H&M,20.33,0.08,163
127,Shoes,H&M,29.75,0.11,497
128,Fashion,Unbranded,33.51,0.26,208
129,Beauty,Nike,17.67,0.1,274
130,Beauty,Gucci,55.62,0.39,87
131,Beauty,Unbranded,30.06,0.21,123
132,Fashion,Adidas,46.32,0.23,355
133,Fashion,Nike,16.28,0.14,178
134,Fashion,Nike,23.34,0.21,328
135,Accessories,Adidas,59.02,0.28,381
136,Fashion,H&M,24.58,0.31,428
137,Fashion,Unbranded,131.84,0.31,319
138,Fashion,Zara,24.05,0.25,415
139,Accessories,Gucci,39.64,0.37,109
140,Fashion,Zara,69.83,0.34,376
141,Beauty,Adidas,10.65,0.31,275
142,Fashion,Nike,8.1,0.07,372
143,Beauty,Nike,9.77,0.05,239
144,Beauty,Gucci,90.93,0.12,28
145,Beauty,Nike,21.3,0.28,31
146,Accessories,Nike,256.35,0.19,344
147,Accessories,Gucci,21.09,0.19,457
148,Accessories,Unbranded,38.38,0.36,263
149,Fashion,Unbranded,113.71,0.36,201
150,Beauty,Gucci,164.82,0.37,303
151,Accessories,Adidas,172.29,0.16,331
152,Accessories,Nike,87.07,0.29,118
153,Fashion,Nike,75.13,0.15,216
154,Accessories,Adidas,53.2,0.12,385
155,Fashion,Unbranded,61.72,0.11,245
156,Shoes,H&M,21.31,0.17,352
157,Accessories,H&M,17.21,0.2,122
158,Shoes,H&M,33.03,0.34,125
159,Fashion,Unbranded,28.9,0.09,384
160,Beauty,Unbranded,23.04,0.31,387
161,Accessories,Adidas,57.81,0.24,77
162,Fashion,Nike,71.11,0.15,97
163,Beauty,Adidas,35.54,0.22,94
164,Beauty,Adidas,107.99,0.15,61
165,Shoes,Unbranded,13.29,0.26,441
166,Fashion,H&M,28.36,0.2,343
167,Beauty,Zara,18.66,0.11,200
168,Accessories,Nike,7.44,0.09,52
169,Accessories,Unbranded,31.0,0.24,90
170,Shoes,H&M,30.04,0.37,75
171,Beauty,Zara,111.14,0.17,124
172,Fashion,Zara,54.85,0.31,219
173,Accessories,Unbranded,14.59,0.28,120
174,Beauty,Gucci,145.95,0.38,275
175,Beauty,Nike,87.96,0.34,326
176,Shoes,Zara,52.76,0.25,93
177,Accessories,Unbranded,27.63,0.28,190
178,Accessories,Unbranded,15.37,0.36,396
179,Fashion,H&M,24.59,0.19,162
180,Accessories,Gucci,79.12,0.16,185
181,Fashion,Nike,149.56,0.05,418
182,Accessories,Adidas,113.82,0.34,280
183,Shoes,H&M,22.4,0.33,240
184,Accessories,Zara,13.52,0.09,102
185,Fashion,Zara,37.07,0.25,201
186,Fashion,H&M,8.05,0.21,326
187,Shoes,Unbranded,42.89,0.09,29
188,Accessories,Zara,29.43,0.39,415
189,Accessories,Gucci,22.81,0.13,23
190,Shoes,Nike,9.25,0.07,370
191,Accessories,Gucci,49.94,0.26,421
192,Accessories,Zara,21.62,0.31,355
193,Fashion,Adidas,12.99,0.06,311
194,Accessories,Nike,3.33,0.28,300
195,Accessories,Nike,32.39,0.24,234
196,Shoes,H&M,136.7,0.09,479
197,Shoes,H&M,125.09,0.11,117
198,Beauty,Adidas,22.97,0.25,439
199,Fashion,Unbranded,20.46,0.15,120
200,Accessories,Nike,48.18,0.38,470
201,Accessories,Adidas,14.9,0.34,28
202,Beauty,H&M,42.16,0.39,80
203,Accessories,H&M,61.12,0.14,328
204,Fashion,Nike,88.37,0.39,165
205,Beauty,Gucci,30.57,0.2,446
206,Fashion,Zara,28.14,0.17,438
207,Beauty,H&M,16.41,0.07,82
208,Beauty,Unbranded,17.09,0.07,140
209,Shoes,Unbranded,27.63,0.29,245
210,Fashion,H&M,44.43,0.21,124
211,Accessories,Gucci,68.78,0.13,481
212,Accessories,Gucci,17.42,0.26,279
213,Fashion,Adidas,109.31,0.14,368
214,Accessories,Unbranded,26.66,0.25,444
215,Accessories,Adidas,32.55,0.18,274
216,Fashion,Unbranded,18.21,0.34,448
217,Beauty,Zara,4.76,0.34,453
218,Fashion,Zara,67.17,0.22,226
219,Beauty,Nike,59.71,0.17,47
220,Accessories,Adidas,26.44,0.18,189
221,Accessories,H&M,34.94,0.33,355
222,Accessories,Adidas,50.04,0.16,95
223,Shoes,H&M,9.49,0.12,135
224,Beauty,Gucci,21.69,0.08,88
225,Shoes,Adidas,62.52,0.21,373
226,Shoes,Gucci,12.14,0.22,253
227,Fashion,Zara,41.88,0.34,20
228,Shoes,Zara,11.19,0.13,186
229,Fashion,Nike,48.09,0.18,371
230,Fashion,Adidas,32.18,0.33,237
231,Shoes,Gucci,9.1,0.34,292
232,Beauty,H&M,84.08,0.18,387
233,Beauty,Zara,18.4,0.21,270
234,Beauty,Zara,17.32,0.16,366
235,Beauty,H&M,38.88,0.38,363
236,Beauty,Gucci,83.01,0.09,438
237,Shoes,Gucci,14.69,0.38,193
238,Shoes,Adidas,34.79,0.29,189
239,Accessories,Adidas,46.67,0.24,265
240,Beauty,Unbranded,57.66,0.06,442
241,Shoes,Unbranded,38.14,0.22,109
242,Accessories,Nike,24.69,0.19,68
243,Beauty,Zara,17.08,0.11,465
244,Fashion,Adidas,35.48,0.28,313
245,Accessories,Gucci,14.05,0.39,426
246,Shoes,H&M,3.2,0.25,169
247,Fashion,Gucci,46.96,0.3,151
248,Fashion,Zara,68.25,0.07,452
249,Fashion,Unbranded,5.0,0.2,78
250,Accessories,Gucci,14.76,0.09,476
251,Shoes,Nike,54.34,0.26,343
252,Fashion,Zara,171.74,0.38,218
253,Beauty,Unbranded,33.67,0.28,234
254,Fashion,H&M,18.5,0.08,405
255,Fashion,Unbranded,28.61,0.17,68
256,Accessories,Nike,99.47,0.24,491
257,Accessories,Zara,19.75,0.19,251
258,Shoes,H&M,17.47,0.34,266
259,Beauty,Nike,22.51,0.34,401
260,Accessories,Unbranded,15.45,0.26,498
261,Fashion,Nike,36.53,0.18,258
262,Shoes,Zara,121.48,0.14,434
263,Fashion,Adidas,42.88,0.09,386
264,Fashion,Nike,27.06,0.17,187
265,Accessories,Nike,26.22,0.19,67
266,Shoes,Unbranded,9.48,0.29,70
267,Beauty,Unbranded,67.12,0.28,318
268,Beauty,H&M,31.12,0.07,117
269,Accessories,Unbranded,28.66,0.19,458
270,Accessories,Gucci,426.02,0.11,235
271,Shoes,Zara,42.06,0.1,196
272,Beauty,Zara,18.15,0.34,399
273,Beauty,Adidas,23.55,0.06,493
274,Beauty,Adidas,82.99,0.2,99
275,Fashion,Zara,36.26,0.11,204
276,Beauty,Adidas,10.48,0.36,386
277,Fashion,H&M,69.09,0.24,480
278,Shoes,Unbranded,19.4,0.13,418
279,Fashion,Zara,148.21,0.23,46
280,Shoes,Adidas,78.57,0.31,471
281,Beauty,Zara,23.15,0.39,483
282,Beauty,Gucci,92.28,0.13,467
283,Shoes,Nike,34.96,0.36,497
284,Accessories,Unbranded,65.51,0.38,433
285,Shoes,Zara,48.8,0.37,439
286,Accessories,Nike,16.83,0.27,214
287,Fashion,Adidas,19.79,0.27,233
288,Fashion,Nike,75.49,0.19,388
289,Fashion,Unbranded,25.33,0.31,361
290,Beauty,Zara,23.98,0.24,133
291,Fashion,Gucci,15.42,0.29,261
292,Accessories,Adidas,46.47,0.2,143
293,Fashion,Zara,172.43,0.31,324
294,Shoes,Unbranded,14.1,0.34,95
295,Shoes,Adidas,33.76,0.1,330
296,Beauty,H&M,102.49,0.34,488
297,Shoes,Nike,31.07,0.24,331
298,Accessories,Unbranded,47.56,0.35,215
299,Fashion,H&M,14.16,0.2,370
300,Beauty,Zara,46.65,0.18,63
301,Fashion,Gucci,28.51,0.37,434
302,Fashion,Adidas,72.86,0.14,205
303,Accessories,Nike,85.62,0.35,362
304,Shoes,Adidas,262.87,0.22,265
305,Shoes,Zara,52.65,0.23,456
306,Fashion,Adidas,42.98,0.16,103
307,Beauty,Nike,38.69,0.25,226
308,Shoes,Zara,24.96,0.16,170
309,Beauty,Adidas,43.41,0.06,175
310,Shoes,Gucci,26.15,0.15,35
311,Beauty,Unbranded,37.89,0.05,184
312,Accessories,Zara,95.02,0.39,424
313,Beauty,Unbranded,14.8,0.39,482
314,Accessories,Zara,82.43,0.19,164
315,Accessories,Gucci,94.98,0.3,56
316,Beauty,Unbranded,30.13,0.17,352
317,Accessories,H&M,6.06,0.28,422
318,Fashion,Nike,20.36,0.33,433
319,Accessories,H&M,93.47,0.38,64
320,Shoes,Adidas,32.52,0.19,421
321,Beauty,Gucci,14.89,0.32,225
322,Fashion,H&M,22.11,0.14,81
323,Beauty,Zara,64.88,0.4,439
324,Shoes,Adidas,51.28,0.06,375
325,Shoes,Adidas,27.35,0.26,487
326,Shoes,H&M,24.69,0.28,327
327,Accessories,H&M,24.21,0.29,38
328,Accessories,Gucci,15.83,0.09,384
329,Beauty,Nike,120.58,0.38,319
330,Beauty,H&M,25.59,0.11,26
331,Fashion,H&M,87.68,0.27,268
332,Fashion,Unbranded,111.84,0.13,447
333,Beauty,Zara,73.6,0.16,136
334,Accessories,Unbranded,23.45,0.24,87
335,Shoes,Unbranded,45.74,0.2,53
336,Beauty,Adidas,32.48,0.11,213
337,Fashion,Nike,16.07,0.11,344
338,Accessories,Zara,42.93,0.2,74
339,Beauty,Gucci,12.89,0.32,285
340,Beauty,Gucci,85.64,0.36,499
341,Accessories,H&M,22.84,0.08,61
342,Beauty,H&M,38.9,0.19,316
343,Accessories,Gucci,41.54,0.09,480
344,Shoes,H&M,26.92,0.06,250
345,Accessories,Nike,52.95,0.28,472
346,Accessories,Unbranded,22.65,0.26,397
347,Accessories,H&M,66.49,0.11,413
348,Beauty,Adidas,11.28,0.13,29
349,Beauty,H&M,36.64,0.06,377
350,Accessories,Zara,156.2,0.34,494
351,Beauty,Nike,14.88,0.39,463
352,Fashion,Zara,19.26,0.1,147
353,Fashion,Zara,49.96,0.13,198
354,Beauty,Adidas,38.23,0.35,424
355,Beauty,Nike,43.84,0.37,411
356,Accessories,Nike,48.98,0.2,212
357,Shoes,Nike,55.02,0.07,111
358,Beauty,Nike,80.46,0.06,388
359,Fashion,Nike,45.96,0.25,250
360,Accessories,Adidas,27.3,0.19,97
361,Beauty,H&M,56.72,0.06,104
362,Fashion,Zara,151.4,0.25,49
363,Fashion,Nike,29.78,0.05,232
364,Shoes,H&M,15.19,0.33,68
365,Accessories,H&M,80.29,0.16,284
366,Accessories,Zara,30.08,0.06,164
367,Shoes,Adidas,5.82,0.26,88
368,Shoes,Gucci,65.23,0.19,77
369,Accessories,Gucci,21.58,0.39,204
370,Accessories,H&M,30.8,0.24,81
371,Beauty,Unbranded,43.19,0.15,498
372,Beauty,Unbranded,38.57,0.3,327
373,Shoes,Zara,58.41,0.15,464
374,Beauty,Gucci,23.37,0.37,315
375,Fashion,H&M,49.92,0.18,185
376,Beauty,Adidas,26.91,0.24,190
377,Beauty,Gucci,59.8,0.07,82
378,Fashion,H&M,54.18,0.2,166
379,Shoes,H&M,15.67,0.34,325
380,Fashion,Nike,78.95,0.33,180
381,Beauty,Adidas,21.57,0.13,160
382,Shoes,Nike,63.21,0.13,353
383,Beauty,Zara,44.43,0.34,116
384,Fashion,Nike,144.11,0.38,465
385,Fashion,Nike,27.69,0.08,240
386,Beauty,Gucci,25.04,0.21,62
387,Accessories,Unbranded,32.6,0.17,452
388,Accessories,H&M,25.98,0.35,311
389,Fashion,Adidas,62.8,0.08,397
390,Fashion,Nike,9.09,0.12,127
391,Accessories,Adidas,14.25,0.31,285
392,Accessories,Unbranded,14.09,0.07,114
393,Beauty,Unbranded,70.83,0.22,281
394,Beauty,Nike,130.12,0.2,332
395,Accessories,Zara,30.46,0.17,404
396,Beauty,Nike,28.93,0.19,90
397,Beauty,Gucci,35.02,0.24,461
398,Shoes,H&M,83.89,0.11,238
399,Beauty,Zara,15.77,0.25,40
400,Fashion,Nike,40.07,0.33,111
401,Beauty,Adidas,72.25,0.32,146
402,Beauty,Zara,49.45,0.1,99
403,Accessories,Zara,38.54,0.1,331
404,Fashion,Nike,73.76,0.14,257
405,Beauty,Zara,3.81,0.18,490
406,Beauty,Adidas,56.96,0.19,391
407,Shoes,Unbranded,19.62,0.29,423
408,Beauty,Zara,7.66,0.07,201
409,Beauty,Unbranded,49.85,0.06,44
410,Shoes,Adidas,99.38,0.19,175
411,Accessories,Nike,29.67,0.29,24
412,Beauty,H&M,70.97,0.12,139
413,Shoes,Zara,120.28,0.27,296
414,Fashion,H&M,94.82,0.14,37
415,Accessories,Adidas,122.97,0.36,450
416,Fashion,Zara,59.96,0.36,217
417,Fashion,Unbranded,35.18,0.15,76
418,Shoes,Gucci,9.19,0.13,112
419,Beauty,H&M,27.2,0.19,38
420,Shoes,Zara,16.87,0.13,403
421,Shoes,H&M,188.06,0.29,372
422,Shoes,Zara,28.77,0.34,212
423,Shoes,Nike,36.55,0.29,256
424,Accessories,Unbranded,51.48,0.34,406
425,Beauty,H&M,34.29,0.19,445
426,Fashion,Gucci,128.51,0.1,296
427,Fashion,Gucci,20.12,0.31,246
428,Beauty,Adidas,38.69,0.18,252
429,Fashion,Zara,18.28,0.28,59
430,Beauty,H&M,11.52,0.14,342
431,Fashion,Adidas,20.3,0.08,172
432,Shoes,H&M,32.15,0.4,146
433,Fashion,Zara,23.49,0.1,256
434,Beauty,Gucci,19.03,0.4,74
435,Beauty,Nike,10.75,0.39,487
436,Beauty,Gucci,30.99,0.33,455
437,Beauty,Adidas,9.94,0.28,191
438,Beauty,Unbranded,60.83,0.25,128
439,Accessories,Nike,35.37,0.35,373
440,Accessories,Adidas,10.32,0.15,488
441,Fashion,Zara,25.86,0.21,203
442,Beauty,Nike,18.14,0.27,458
443,Fashion,Adidas,42.75,0.19,387
444,Beauty,Zara,96.77,0.2,490
445,Beauty,Gucci,7.39,0.17,217
446,Accessories,Unbranded,36.31,0.25,390
447,Accessories,Zara,29.13,0.35,392
448,Shoes,H&M,56.66,0.12,480
449,Accessories,Zara,39.27,0.38,106
450,Shoes,Zara,18.15,0.29,220
451,Shoes,Unbranded,25.66,0.34,356
452,Shoes,H&M,17.52,0.24,341
453,Shoes,Adidas,78.32,0.32,294
454,Shoes,Adidas,33.68,0.06,230
455,Fashion,Zara,151.56,0.34,410
456,Accessories,H&M,31.55,0.06,137
457,Shoes,H&M,18.79,0.36,210
458,Beauty,Unbranded,9.87,0.4,61
459,Accessories,Gucci,7.83,0.15,61
460,Accessories,Adidas,9.32,0.12,334
461,Shoes,Unbranded,41.01,0.32,295
462,Fashion,Nike,49.75,0.14,348
463,Shoes,Adidas,9.35,0.35,36
464,Fashion,Unbranded,67.76,0.09,302
465,Beauty,Adidas,22.5,0.09,450
466,Accessories,Gucci,37.24,0.39,277
467,Beauty,Nike,120.27,0.29,82
468,Fashion,Gucci,67.86,0.35,81
469,Fashion,Nike,26.71,0.16,119
470,Beauty,Zara,16.23,0.29,38
471,Fashion,Unbranded,5.92,0.26,36
472,Beauty,Nike,18.63,0.26,344
473,Accessories,Gucci,27.97,0.29,442
474,Beauty,Adidas,15.03,0.25,485
475,Accessories,Nike,29.81,0.2,392
476,Beauty,Unbranded,35.22,0.15,265
477,Fashion,Nike,27.66,0.32,270
478,Beauty,H&M,19.69,0.13,474
479,Fashion,Adidas,37.9,0.29,100
480,Beauty,Unbranded,47.16,0.13,58
481,Beauty,Unbranded,13.84,0.27,55
482,Shoes,Zara,102.39,0.31,443
483,Fashion,Gucci,30.6,0.13,448
484,Shoes,Zara,33.62,0.07,407
485,Fashion,Unbranded,58.36,0.1,428
486,Shoes,Adidas,39.91,0.26,216
487,Accessories,Nike,70.99,0.35,177
488,Beauty,Nike,41.67,0.07,223
489,Fashion,Adidas,20.29,0.31,215
490,Fashion,Unbranded,44.22,0.17,235
491,Beauty,Nike,13.26,0.22,304
492,Fashion,Nike,36.12,0.38,476
493,Fashion,Nike,32.25,0.17,215
494,Shoes,Gucci,28.04,0.21,326
495,Fashion,Gucci,29.88,0.05,171
496,Accessories,H&M,7.35,0.08,33
497,Accessories,Zara,21.35,0.14,344
498,Beauty,Adidas,35.67,0.06,165
499,Fashion,Adidas,37.63,0.27,445
500,Beauty,Adidas,14.55,0.2,76
501,Accessories,H&M,91.16,0.24,230
502,Fashion,Gucci,16.56,0.11,287
503,Fashion,Unbranded,71.92,0.15,229
504,Beauty,Unbranded,46.61,0.28,36
505,Accessories,H&M,19.75,0.39,305
506,Fashion,Unbranded,137.04,0.07,363
507,Beauty,Adidas,12.74,0.36,222
508,Accessories,Zara,69.08,0.25,118
509,Beauty,Nike,73.73,0.25,298
510,Shoes,Gucci,19.37,0.23,228
511,Fashion,Gucci,100.88,0.07,148
512,Shoes,H&M,27.11,0.08,354
513,Accessories,Gucci,41.72,0.26,307
514,Shoes,Adidas,40.78,0.17,271
515,Shoes,Unbranded,29.74,0.37,284
516,Accessories,Adidas,63.35,0.19,290
517,Beauty,H&M,62.48,0.1,431
518,Shoes,Adidas,8.18,0.3,427
519,Beauty,Unbranded,94.02,0.15,207
520,Shoes,Zara,8.76,0.23,438
521,Beauty,H&M,75.64,0.29,233
522,Accessories,Zara,81.56,0.37,302
523,Shoes,Nike,13.84,0.33,230
524,Accessories,Zara,23.84,0.29,384
525,Shoes,Nike,13.67,0.29,95
526,Accessories,Nike,27.88,0.38,167
527,Accessories,Zara,25.88,0.15,340
528,Shoes,H&M,61.79,0.05,232
529,Shoes,Unbranded,94.47,0.15,452
530,Shoes,Adidas,101.14,0.13,128
531,Fashion,Adidas,21.12,0.28,148
532,Beauty,Unbranded,28.01,0.27,29
533,Fashion,Nike,8.61,0.26,66
534,Fashion,Nike,17.38,0.06,398
535,Accessories,H&M,71.66,0.31,334
536,Shoes,Gucci,120.6,0.16,115
537,Beauty,Zara,12.34,0.28,465
538,Accessories,Nike,20.62,0.24,122
539,Fashion,Adidas,32.42,0.17,399
540,Shoes,H&M,41.44,0.1,361
541,Accessories,Zara,17.33,0.08,165
542,Shoes,H&M,46.49,0.34,387
543,Accessories,Zara,22.67,0.37,449
544,Shoes,Zara,32.73,0.28,435
545,Fashion,Unbranded,51.27,0.09,46
546,Beauty,Nike,33.29,0.19,239
547,Fashion,H&M,23.36,0.31,37
548,Beauty,H&M,30.34,0.32,186
549,Shoes,Unbranded,30.86,0.09,452
550,Accessories,Adidas,24.63,0.05,496
551,Fashion,Adidas,26.92,0.3,101
552,Beauty,Nike,118.98,0.17,447
553,Fashion,Nike,51.87,0.14,91
554,Beauty,Gucci,26.14,0.05,329
555,Fashion,Unbranded,57.83,0.24,498
556,Beauty,Adidas,25.35,0.35,273
557,Beauty,Zara,84.65,0.39,181
558,Shoes,H&M,44.51,0.25,346
559,Beauty,Nike,30.39,0.23,439
560,Shoes,H&M,47.38,0.08,421
561,Beauty,H&M,9.42,0.24,57
562,Accessories,Gucci,13.44,0.18,462
563,Accessories,Adidas,12.74,0.26,412
564,Accessories,Nike,37.13,0.19,220
565,Beauty,H&M,132.42,0.13,219
566,Shoes,Nike,197.36,0.08,274
567,Shoes,Zara,55.17,0.16,198
568,Beauty,Gucci,49.44,0.08,54
569,Accessories,Zara,7.84,0.11,101
570,Accessories,Nike,21.45,0.4,408
571,Shoes,Nike,17.63,0.21,417
572,Accessories,Adidas,20.15,0.24,239
573,Fashion,H&M,28.95,0.36,177
574,Shoes,H&M,22.7,0.4,23
575,Accessories,Zara,6.8,0.25,186
576,Shoes,Gucci,60.24,0.33,487
577,Fashion,Unbranded,14.04,0.16,467
578,Shoes,H&M,40.1,0.16,428
579,Shoes,Adidas,174.04,0.19,431
580,Shoes,Zara,15.87,0.29,223
581,Shoes,Zara,4.37,0.29,213
582,Fashion,Unbranded,26.34,0.16,254
583,Beauty,Adidas,79.9,0.1,225
584,Shoes,Gucci,158.65,0.27,169
585,Shoes,Adidas,12.38,0.09,178
586,Accessories,Gucci,49.27,0.25,298
587,Shoes,Adidas,22.82,0.29,323
588,Accessories,Adidas,30.42,0.3,423
589,Beauty,Nike,274.64,0.31,400
590,Fashion,Zara,9.95,0.36,185
591,Fashion,Adidas,40.57,0.22,330
592,Beauty,Unbranded,48.14,0.31,87
593,Fashion,Adidas,78.94,0.27,482
594,Beauty,H&M,35.82,0.12,107
595,Beauty,Zara,42.37,0.06,236
596,Beauty,H&M,24.21,0.15,20
597,Fashion,Zara,41.07,0.21,154
598,Accessories,H&M,25.16,0.27,204
599,Beauty,Adidas,54.45,0.35,370
600,Shoes,Adidas,24.64,0.12,159
601,Fashion,Nike,44.78,0.09,125
602,Beauty,Unbranded,32.35,0.39,152
603,Beauty,H&M,81.52,0.09,127
604,Shoes,Gucci,31.78,0.22,197
605,Accessories,Nike,8.02,0.25,317
606,Accessories,H&M,90.88,0.24,377
607,Accessories,H&M,16.05,0.08,399
608,Beauty,Nike,19.63,0.07,415
609,Beauty,Adidas,20.56,0.09,378
610,Beauty,H&M,99.44,0.25,165
611,Fashion,Adidas,6.0,0.24,469
612,Shoes,Nike,407.56,0.13,93
613,Beauty,Adidas,77.08,0.27,482
614,Shoes,Zara,39.59,0.34,497
615,Shoes,Gucci,31.69,0.06,127
616,Accessories,H&M,41.61,0.22,141
617,Fashion,Unbranded,50.24,0.29,36
618,Beauty,Gucci,55.49,0.14,215
619,Accessories,Adidas,51.65,0.16,346
620,Accessories,H&M,35.58,0.26,337
621,Beauty,Adidas,28.28,0.36,316
622,Shoes,Zara,29.34,0.33,498
623,Accessories,Nike,28.33,0.25,271
624,Shoes,H&M,82.02,0.31,138
625,Fashion,Zara,53.24,0.18,181
626,Shoes,Zara,3.15,0.27,217
627,Fashion,H&M,55.96,0.21,64
628,Shoes,Adidas,38.7,0.12,333
629,Accessories,Unbranded,32.62,0.3,198
630,Accessories,Zara,24.27,0.24,401
631,Fashion,Gucci,81.39,0.18,437
632,Beauty,Zara,70.67,0.37,63
633,Fashion,Unbranded,17.84,0.06,290
634,Fashion,Adidas,45.86,0.16,97
635,Shoes,Adidas,15.22,0.07,345
636,Shoes,Gucci,10.98,0.32,197
637,Fashion,Zara,20.06,0.3,376
638,Accessories,Adidas,66.02,0.17,435
639,Shoes,Unbranded,70.99,0.29,470
640,Beauty,H&M,49.92,0.19,22
641,Shoes,Nike,59.15,0.31,233
642,Shoes,Nike,50.05,0.21,361
643,Beauty,Nike,19.82,0.19,93
644,Fashion,Zara,46.78,0.38,70
645,Beauty,Gucci,62.82,0.14,86
646,Fashion,Adidas,60.55,0.09,351
647,Fashion,H&M,85.72,0.25,112
648,Fashion,Unbranded,58.36,0.39,195
649,Beauty,H&M,43.87,0.18,164
650,Fashion,Unbranded,77.95,0.07,26
651,Accessories,Zara,32.42,0.17,288
652,Beauty,Nike,16.35,0.23,395
653,Accessories,Zara,29.07,0.11,341
654,Fashion,Gucci,18.25,0.28,23
655,Shoes,Gucci,19.3,0.4,157
656,Fashion,Unbranded,29.5,0.21,250
657,Accessories,Adidas,17.57,0.17,107
658,Accessories,Adidas,25.88,0.19,36
659,Beauty,Unbranded,7.28,0.09,71
660,Shoes,Gucci,39.28,0.36,153
661,Beauty,Gucci,33.15,0.2,230
662,Accessories,Gucci,17.22,0.19,344
663,Fashion,Zara,56.11,0.28,499
664,Shoes,Gucci,70.11,0.2,477
665,Fashion,H&M,9.15,0.28,412
666,Fashion,Nike,17.99,0.07,238
667,Shoes,Gucci,17.9,0.33,224
668,Beauty,Unbranded,15.61,0.38,230
669,Fashion,Nike,64.3,0.28,296
670,Accessories,Zara,28.36,0.38,43
671,Fashion,Unbranded,26.8,0.1,23
672,Shoes,Nike,6.67,0.22,171
673,Shoes,Unbranded,55.06,0.26,462
674,Shoes,Zara,12.29,0.25,278
675,Beauty,H&M,34.74,0.19,343
676,Fashion,Zara,41.34,0.17,376
677,Beauty,Zara,98.35,0.09,187
678,Beauty,Unbranded,11.62,0.19,195
679,Shoes,Adidas,2.96,0.11,329
680,Shoes,Gucci,38.36,0.31,310
681,Beauty,Gucci,139.83,0.12,498
682,Fashion,H&M,89.22,0.07,75
683,Accessories,H&M,39.16,0.24,127
684,Beauty,Gucci,22.35,0.26,492
685,Fashion,Adidas,63.16,0.36,315
686,Shoes,Gucci,15.2,0.25,480
687,Shoes,Adidas,48.48,0.17,343
688,Fashion,H&M,49.62,0.33,321
689,Accessories,Nike,77.34,0.24,353
690,Shoes,Unbranded,301.19,0.08,160
691,Shoes,H&M,45.33,0.25,174
692,Shoes,H&M,22.04,0.37,281
693,Fashion,Zara,32.44,0.19,292
694,Beauty,Zara,8.04,0.15,439
695,Shoes,Zara,19.0,0.1,251
696,Beauty,Unbranded,23.87,0.1,260
697,Accessories,Zara,21.77,0.2,374
698,Shoes,Adidas,37.41,0.26,356
699,Shoes,Gucci,17.15,0.08,277
700,Accessories,Nike,81.19,0.38,268
701,Shoes,H&M,33.12,0.31,96
702,Beauty,Adidas,32.87,0.26,199
703,Fashion,Nike,25.47,0.34,85
704,Beauty,Adidas,37.49,0.08,327
705,Fashion,Adidas,64.08,0.22,367
706,Fashion,H&M,16.55,0.27,190
707,Beauty,Gucci,19.56,0.34,493
708,Beauty,Zara,25.97,0.32,41
709,Beauty,Unbranded,11.28,0.15,386
710,Beauty,Gucci,17.19,0.38,126
711,Accessories,Unbranded,22.62,0.09,458
712,Shoes,H&M,66.65,0.36,342
713,Fashion,H&M,40.86,0.39,246
714,Beauty,H&M,38.66,0.11,463
715,Beauty,Nike,65.41,0.3,461
716,Beauty,Unbranded,29.67,0.06,415
717,Accessories,Gucci,45.26,0.19,235
718,Beauty,Gucci,30.49,0.23,88
719,Beauty,Adidas,40.95,0.25,103
720,Beauty,Adidas,20.78,0.38,122
721,Shoes,Adidas,4.71,0.29,58
722,Accessories,H&M,29.74,0.22,32
723,Beauty,Gucci,103.36,0.33,316
724,Fashion,Unbranded,69.48,0.38,332
725,Fashion,H&M,71.69,0.06,200
726,Fashion,Nike,89.02,0.39,287
727,Accessories,Adidas,35.55,0.08,32
728,Accessories,H&M,38.78,0.34,139
729,Fashion,H&M,20.2,0.15,477
730,Beauty,Nike,25.72,0.1,372
731,Accessories,Zara,54.2,0.2,76
732,Fashion,Gucci,86.76,0.28,59
733,Fashion,Unbranded,29.62,0.18,393
734,Beauty,Zara,23.1,0.07,355
735,Shoes,Adidas,33.13,0.26,147
736,Accessories,H&M,53.57,0.37,192
737,Beauty,Nike,10.43,0.18,54
738,Fashion,Nike,5.28,0.13,278
739,Fashion,Gucci,21.32,0.2,395
740,Beauty,Zara,12.47,0.07,24
741,Accessories,Gucci,22.05,0.34,237
742,Shoes,H&M,29.42,0.34,30
743,Shoes,Gucci,23.04,0.26,401
744,Fashion,Unbranded,105.84,0.17,346
745,Accessories,Nike,43.01,0.33,136
746,Shoes,Nike,42.11,0.24,203
747,Accessories,Adidas,54.48,0.34,413
748,Accessories,Adidas,13.32,0.27,381
749,Fashion,H&M,76.04,0.32,135
750,Shoes,Unbranded,31.17,0.26,181
751,Beauty,Zara,56.62,0.19,86
752,Fashion,Gucci,14.05,0.39,219
753,Shoes,H&M,9.55,0.24,50
754,Shoes,Adidas,63.71,0.26,94
755,Shoes,Gucci,44.75,0.13,256
756,Shoes,Adidas,16.09,0.27,346
757,Shoes,Gucci,16.52,0.25,85
758,Accessories,Zara,81.48,0.11,89
759,Fashion,H&M,12.79,0.07,316
760,Accessories,Gucci,123.24,0.26,466
761,Beauty,Unbranded,16.11,0.32,435
762,Shoes,Nike,55.19,0.23,39
763,Fashion,Unbranded,25.46,0.13,460
764,Shoes,Unbranded,53.65,0.28,245
765,Fashion,Nike,21.43,0.08,453
766,Accessories,Unbranded,29.07,0.2,483
767,Fashion,Gucci,34.22,0.11,428
768,Beauty,Gucci,14.85,0.11,415
769,Beauty,Gucci,59.9,0.12,218
770,Fashion,Nike,21.96,0.19,58
771,Fashion,Unbranded,27.58,0.07,164
772,Fashion,Nike,14.95,0.19,64
773,Fashion,Gucci,4.26,0.23,414
774,Beauty,Unbranded,28.42,0.22,345
775,Shoes,Unbranded,228.17,0.18,400
776,Fashion,Adidas,62.03,0.34,426
777,Fashion,Adidas,32.61,0.1,110
778,Beauty,Zara,26.83,0.23,257
779,Beauty,H&M,33.72,0.07,89
780,Accessories,Adidas,51.3,0.07,185
781,Fashion,Nike,12.88,0.25,149
782,Accessories,Adidas,80.76,0.25,233
783,Beauty,Zara,58.69,0.36,359
784,Beauty,Unbranded,58.82,0.25,108
785,Shoes,Zara,47.03,0.39,354
786,Fashion,Unbranded,33.64,0.07,271
787,Accessories,Unbranded,56.73,0.08,388
788,Beauty,H&M,53.17,0.07,368
789,Beauty,Adidas,24.95,0.11,91
790,Accessories,Nike,20.93,0.24,184
791,Shoes,Nike,35.93,0.28,68
792,Beauty,Gucci,114.34,0.07,71
793,Fashion,Unbranded,12.29,0.38,308
794,Beauty,Nike,10.24,0.34,297
795,Fashion,H&M,37.78,0.15,133
796,Accessories,Unbranded,34.49,0.08,258
797,Fashion,H&M,38.04,0.11,152
798,Accessories,Nike,40.25,0.09,293
799,Fashion,Nike,27.7,0.09,185
800,Accessories,Gucci,109.06,0.23,393
801,Fashion,Nike,9.2,0.14,392
802,Shoes,Unbranded,17.07,0.18,312
803,Fashion,Unbranded,30.49,0.4,497
804,Fashion,Unbranded,8.89,0.29,262
805,Shoes,Gucci,28.77,0.38,498
806,Beauty,Gucci,125.11,0.1,339
807,Beauty,Nike,33.67,0.18,157
808,Fashion,Zara,39.83,0.24,98
809,Shoes,Zara,12.08,0.08,189
810,Fashion,Gucci,20.22,0.05,142
811,Accessories,Nike,24.53,0.28,195
812,Accessories,Zara,25.68,0.27,319
813,Fashion,Nike,92.33,0.19,101
814,Beauty,Nike,51.74,0.22,106
815,Beauty,Nike,13.61,0.2,244
816,Fashion,Adidas,40.33,0.06,35
817,Fashion,Unbranded,49.33,0.17,329
818,Accessories,Nike,82.44,0.11,377
819,Beauty,Adidas,117.26,0.08,182
820,Fashion,Gucci,14.7,0.38,117
821,Accessories,Zara,17.31,0.26,175
822,Beauty,Unbranded,12.11,0.31,21
823,Shoes,Zara,27.46,0.16,369
824,Accessories,Unbranded,48.09,0.19,416
825,Beauty,Zara,72.96,0.13,188
826,Beauty,Unbranded,31.16,0.08,483
827,Accessories,Zara,25.64,0.11,334
828,Shoes,Zara,37.39,0.33,344
829,Accessories,Zara,16.98,0.29,394
830,Beauty,Zara,176.2,0.24,111
831,Fashion,Gucci,9.15,0.22,200
832,Fashion,Nike,38.39,0.37,250
833,Accessories,H&M,167.15,0.08,320
834,Beauty,Adidas,33.3,0.15,167
835,Fashion,H&M,28.44,0.17,299
836,Beauty,H&M,24.88,0.32,208
837,Accessories,Unbranded,28.67,0.4,366
838,Fashion,Nike,99.31,0.13,369
839,Beauty,Unbranded,5.64,0.36,333
840,Fashion,Nike,112.93,0.34,430
841,Accessories,Nike,10.6,0.13,429
842,Beauty,Zara,26.75,0.19,147
843,Fashion,Gucci,23.49,0.19,26
844,Accessories,Zara,53.03,0.39,445
845,Fashion,Gucci,9.22,0.11,66
846,Fashion,Unbranded,47.93,0.33,72
847,Shoes,Gucci,167.24,0.17,206
848,Shoes,Unbranded,11.13,0.31,57
849,Accessories,H&M,38.54,0.2,472
850,Shoes,H&M,19.5,0.25,490
851,Accessories,Gucci,46.56,0.34,495
852,Shoes,Gucci,33.63,0.33,245
853,Fashion,Unbranded,19.82,0.35,72
854,Accessories,Zara,48.93,0.07,418
855,Accessories,Unbranded,140.26,0.29,243
856,Fashion,Zara,28.43,0.1,173
857,Accessories,H&M,58.9,0.2,67
858,Accessories,Nike,11.77,0.24,370
859,Shoes,Gucci,15.41,0.19,166
860,Accessories,Zara,48.32,0.23,412
861,Beauty,Unbranded,108.56,0.4,83
862,Fashion,H&M,44.01,0.1,368
863,Shoes,Zara,25.78,0.29,201
864,Shoes,Unbranded,33.1,0.19,144
865,Beauty,Gucci,12.18,0.1,198
866,Fashion,Gucci,53.71,0.11,58
867,Fashion,Adidas,67.08,0.38,279
868,Shoes,Nike,23.07,0.36,401
869,Accessories,Adidas,22.74,0.37,22
870,Shoes,H&M,40.96,0.4,83
871,Fashion,Zara,23.35,0.12,48
872,Beauty,H&M,31.41,0.17,391
873,Shoes,Unbranded,177.64,0.28,30
874,Fashion,Gucci,27.18,0.22,116
875,Shoes,Adidas,24.86,0.2,377
876,Accessories,Adidas,19.73,0.18,461
877,Shoes,Adidas,60.06,0.26,222
878,Shoes,H&M,28.65,0.25,430
879,Fashion,Gucci,19.7,0.11,40
880,Fashion,Zara,95.3,0.22,58
881,Fashion,Unbranded,103.1,0.24,242
882,Shoes,Zara,20.48,0.25,121
883,Accessories,H&M,7.44,0.12,65
884,Beauty,Unbranded,74.14,0.31,85
885,Beauty,Adidas,19.15,0.06,110
886,Fashion,Nike,62.33,0.17,183
887,Fashion,H&M,6.85,0.32,478
888,Shoes,H&M,67.63,0.25,130
889,Beauty,Gucci,12.57,0.14,357
890,Fashion,Zara,59.42,0.29,142
891,Accessories,H&M,33.5,0.25,212
892,Accessories,H&M,15.44,0.33,466
893,Fashion,Adidas,23.91,0.31,118
894,Fashion,Adidas,57.34,0.26,310
895,Beauty,Unbranded,36.04,0.22,178
896,Beauty,Nike,52.85,0.1,431
897,Shoes,Gucci,160.96,0.14,122
898,Beauty,Nike,9.47,0.2,404
899,Accessories,Unbranded,120.76,0.26,300
900,Accessories,Adidas,36.0,0.23,62
901,Fashion,Zara,16.13,0.15,103
902,Beauty,Adidas,11.42,0.05,470
903,Shoes,Gucci,28.47,0.22,210
904,Accessories,Adidas,69.22,0.15,70
905,Accessories,Gucci,29.9,0.31,405
906,Shoes,Gucci,110.93,0.06,229
907,Shoes,Gucci,10.37,0.25,145
908,Accessories,Unbranded,32.8,0.38,467
909,Accessories,Gucci,12.16,0.11,477
910,Shoes,Gucci,44.3,0.22,88
911,Accessories,Zara,67.32,0.08,284
912,Fashion,Nike,23.65,0.27,277
913,Fashion,H&M,4.12,0.24,437
914,Shoes,Nike,38.83,0.19,207
915,Beauty,Gucci,46.96,0.23,249
916,Shoes,Zara,45.76,0.36,208
917,Shoes,Adidas,89.0,0.12,434
918,Beauty,Zara,14.06,0.06,29
919,Beauty,Gucci,57.06,0.35,133
920,Beauty,Zara,85.97,0.25,95
921,Fashion,Zara,7.98,0.36,183
922,Accessories,Gucci,42.77,0.26,104
923,Fashion,Unbranded,22.12,0.33,68
924,Accessories,Zara,31.02,0.2,345
925,Fashion,H&M,43.73,0.31,196
926,Accessories,H&M,22.43,0.37,406
927,Fashion,Zara,19.29,0.25,477
928,Beauty,Unbranded,34.03,0.11,408
929,Shoes,Adidas,13.88,0.14,237
930,Fashion,Gucci,13.89,0.12,208
931,Accessories,H&M,57.03,0.14,488
932,Beauty,Adidas,13.21,0.16,365
933,Fashion,Zara,56.43,0.24,249
934,Fashion,Adidas,47.95,0.26,274
935,Beauty,Nike,8.33,0.2,255
936,Fashion,H&M,19.26,0.27,45
937,Shoes,Zara,86.08,0.08,91
938,Fashion,Gucci,15.11,0.08,280
939,Shoes,Unbranded,22.84,0.11,273
940,Shoes,Zara,47.93,0.23,290
941,Beauty,Gucci,61.97,0.12,142
942,Fashion,Unbranded,27.08,0.15,163
943,Beauty,Unbranded,20.53,0.19,276
944,Fashion,Zara,103.33,0.33,163
945,Fashion,Adidas,133.1,0.05,440
946,Accessories,Adidas,72.46,0.28,278
947,Fashion,Unbranded,35.45,0.28,455
948,Beauty,Adidas,17.35,0.33,66
949,Shoes,Nike,17.04,0.38,370
950,Fashion,Unbranded,50.3,0.06,32
951,Accessories,Unbranded,46.28,0.1,395
952,Beauty,Gucci,101.62,0.36,227
953,Fashion,Adidas,55.72,0.21,330
954,Beauty,Unbranded,9.95,0.25,254
955,Accessories,Nike,76.83,0.28,168
956,Accessories,Gucci,14.9,0.29,341
957,Beauty,Zara,24.36,0.38,457
958,Fashion,Unbranded,40.45,0.4,174
959,Shoes,Nike,163.45,0.3,185
960,Accessories,H&M,398.59,0.15,109
961,Fashion,Nike,53.81,0.36,205
962,Fashion,Nike,28.6,0.07,337
963,Shoes,Gucci,50.79,0.13,377
964,Accessories,Zara,67.36,0.36,193
965,Accessories,H&M,25.62,0.14,236
966,Fashion,Adidas,139.24,0.13,414
967,Fashion,Adidas,39.81,0.1,475
968,Shoes,Nike,49.31,0.35,283
969,Shoes,Gucci,56.42,0.23,116
970,Accessories,Gucci,46.4,0.29,136
971,Beauty,Adidas,64.79,0.13,218
972,Accessories,H&M,20.21,0.32,339
973,Fashion,Zara,21.19,0.32,40
974,Accessories,H&M,13.73,0.16,219
975,Beauty,Unbranded,47.07,0.19,390
976,Shoes,Unbranded,61.75,0.12,466
977,Beauty,Zara,47.76,0.39,360
978,Beauty,Adidas,126.42,0.28,467
979,Beauty,Zara,32.97,0.38,267
980,Shoes,Gucci,56.54,0.16,295
981,Beauty,Unbranded,13.83,0.32,283
982,Beauty,Nike,24.3,0.32,77
983,Beauty,Nike,57.77,0.29,321
984,Fashion,Adidas,65.32,0.39,50
985,Beauty,Gucci,26.18,0.19,268
986,Shoes,H&M,31.27,0.1,112
987,Beauty,Gucci,9.83,0.29,284
988,Beauty,Nike,24.89,0.31,290
989,Shoes,Nike,67.51,0.25,113
990,Beauty,Unbranded,52.47,0.12,173
991,Shoes,Gucci,49.43,0.23,413
992,Beauty,Gucci,34.46,0.16,304
993,Shoes,Nike,33.3,0.2,99
994,Beauty,H&M,19.53,0.28,311
995,Beauty,Adidas,57.92,0.31,103
996,Fashion,Adidas,46.38,0.13,384
997,Fashion,Gucci,49.09,0.19,393
998,Beauty,Adidas,21.74,0.14,56
999,Beauty,Nike,5.91,0.12,361
1000,Accessories,Nike,79.66,0.32,346
1001,Shoes,Gucci,22.58,0.37,426
1002,Accessories,Gucci,16.61,0.18,444
1003,Fashion,Unbranded,57.67,0.31,251
1004,Fashion,Gucci,24.2,0.36,112
1005,Fashion,H&M,77.32,0.35,355
1006,Fashion,Adidas,54.25,0.11,121
1007,Beauty,Gucci,57.22,0.38,431
1008,Fashion,Zara,11.1,0.18,451
1009,Beauty,Unbranded,87.32,0.17,185
1010,Beauty,Zara,40.81,0.07,178
1011,Fashion,Nike,24.65,0.22,33
1012,Fashion,Adidas,37.14,0.09,392
1013,Shoes,Gucci,8.0,0.14,244
1014,Accessories,Zara,45.92,0.16,92
1015,Fashion,Adidas,14.53,0.33,268
1016,Shoes,Nike,11.22,0.36,110
1017,Shoes,H&M,9.8,0.16,235
1018,Accessories,Unbranded,80.65,0.35,480
1019,Beauty,Adidas,20.02,0.35,109
1020,Fashion,Adidas,112.95,0.32,48
1021,Accessories,H&M,21.57,0.1,454
1022,Fashion,Adidas,8.45,0.29,324
1023,Shoes,Nike,13.56,0.38,446
1024,Shoes,Nike,89.0,0.29,495
1025,Beauty,H&M,29.23,0.17,239
1026,Shoes,Unbranded,21.36,0.23,347
1027,Shoes,Gucci,37.64,0.28,234
1028,Accessories,Zara,49.47,0.23,240
1029,Fashion,Gucci,80.96,0.09,408
1030,Fashion,Adidas,105.51,0.16,61
1031,Accessories,Zara,24.83,0.33,154
1032,Beauty,H&M,11.46,0.35,61
1033,Fashion,H&M,23.79,0.1,183
1034,Shoes,Unbranded,40.78,0.38,380
1035,Fashion,Zara,15.32,0.17,302
1036,Shoes,Nike,15.4,0.28,77
1037,Beauty,Zara,43.6,0.31,321
1038,Accessories,Adidas,31.85,0.33,341
1039,Fashion,Nike,34.0,0.38,44
1040,Accessories,H&M,18.05,0.16,92
1041,Fashion,Zara,27.54,0.35,392
1042,Shoes,Gucci,15.81,0.1,430
1043,Accessories,Unbranded,67.5,0.3,148
1044,Fashion,Gucci,75.81,0.31,106
1045,Shoes,Unbranded,7.56,0.29,349
1046,Accessories,Adidas,15.74,0.14,445
1047,Accessories,Gucci,10.0,0.36,455
1048,Fashion,Zara,19.69,0.11,172
1049,Fashion,Zara,30.98,0.07,201
1050,Fashion,Gucci,10.38,0.3,144
1051,Shoes,Zara,15.84,0.22,86
1052,Fashion,Adidas,14.83,0.35,25
1053,Accessories,Nike,39.09,0.18,144
1054,Accessories,Adidas,35.0,0.11,333
1055,Fashion,Unbranded,18.59,0.34,345
1056,Fashion,Adidas,38.15,0.24,72
1057,Beauty,Unbranded,21.38,0.12,85
1058,Accessories,Zara,26.65,0.3,333
1059,Shoes,Nike,126.31,0.23,101
1060,Beauty,Zara,96.77,0.26,106
1061,Fashion,H&M,11.71,0.21,21
1062,Fashion,Zara,64.31,0.34,223
1063,Accessories,Unbranded,63.38,0.34,169
1064,Fashion,Zara,13.22,0.3,312
1065,Shoes,Zara,63.75,0.09,423
1066,Accessories,Nike,113.33,0.34,122
1067,Fashion,Zara,13.49,0.28,43
1068,Accessories,Nike,15.89,0.29,387
1069,Fashion,Gucci,74.75,0.18,231
1070,Fashion,H&M,41.15,0.36,84
1071,Fashion,Nike,51.48,0.3,468
1072,Shoes,Unbranded,43.49,0.09,228
1073,Shoes,Gucci,45.27,0.19,270
1074,Accessories,Nike,11.46,0.36,404
1075,Fashion,Nike,76.54,0.07,136
1076,Fashion,H&M,84.41,0.39,135
1077,Shoes,Unbranded,27.56,0.29,256
1078,Fashion,Adidas,31.98,0.27,497
1079,Shoes,Adidas,9.73,0.14,124
1080,Fashion,Nike,49.97,0.14,278
1081,Accessories,Zara,52.33,0.38,65
1082,Fashion,Unbranded,31.51,0.15,330
1083,Fashion,Gucci,81.41,0.32,350
1084,Beauty,Zara,25.35,0.19,235
1085,Shoes,Zara,52.02,0.1,489
1086,Fashion,Unbranded,14.65,0.05,467
1087,Fashion,Nike,32.5,0.24,320
1088,Beauty,Nike,28.8,0.39,429
1089,Beauty,Nike,39.66,0.18,352
1090,Shoes,Nike,24.64,0.18,468
1091,Beauty,Adidas,29.81,0.17,43
1092,Accessories,Nike,64.13,0.23,477
1093,Beauty,Adidas,23.35,0.2,54
1094,Accessories,Adidas,9.16,0.36,43
1095,Shoes,Nike,134.25,0.23,47
1096,Shoes,H&M,100.0,0.23,483
1097,Shoes,Gucci,11.78,0.1,35
1098,Shoes,Zara,57.5,0.39,78
1099,Shoes,Adidas,22.15,0.14,484
1100,Accessories,Unbranded,40.89,0.08,262
1101,Accessories,Unbranded,41.9,0.28,457
1102,Shoes,Gucci,27.45,0.26,226
1103,Beauty,Unbranded,17.69,0.2,419
1104,Fashion,H&M,19.06,0.2,290
1105,Shoes,Unbranded,15.91,0.32,268
1106,Beauty,Zara,17.02,0.12,286
1107,Fashion,Zara,31.38,0.34,212
1108,Shoes,Adidas,18.68,0.28,354
1109,Shoes,Nike,57.15,0.2,237
1110,Accessories,H&M,108.83,0.21,134
1111,Fashion,Adidas,20.82,0.14,87
1112,Fashion,H&M,40.11,0.31,318
1113,Beauty,Nike,49.39,0.23,344
1114,Accessories,Unbranded,48.31,0.16,416
1115,Accessories,Unbranded,35.19,0.26,413
1116,Accessories,Nike,59.99,0.4,94
1117,Accessories,Adidas,48.71,0.2,485
1118,Fashion,Nike,12.3,0.37,122
1119,Fashion,Gucci,66.38,0.17,316
1120,Shoes,Zara,67.35,0.07,197
1121,Shoes,Adidas,17.98,0.12,234
1122,Accessories,H&M,34.14,0.2,474
1123,Accessories,Gucci,57.21,0.13,334
1124,Accessories,Adidas,28.01,0.05,58
1125,Shoes,Nike,78.13,0.37,278
1126,Beauty,Nike,219.44,0.35,223
1127,Beauty,Nike,17.66,0.31,26
1128,Shoes,Nike,10.97,0.11,68
1129,Shoes,H&M,42.23,0.09,45
1130,Shoes,Gucci,58.98,0.07,180
1131,Shoes,Unbranded,27.53,0.3,376
1132,Shoes,Zara,105.91,0.38,195
1133,Shoes,H&M,11.35,0.2,98
1134,Accessories,H&M,57.65,0.09,21
1135,Accessories,Unbranded,20.4,0.23,402
1136,Accessories,Unbranded,131.04,0.17,474
1137,Accessories,Zara,163.04,0.18,435
1138,Shoes,Zara,17.93,0.27,151
1139,Beauty,Unbranded,21.34,0.3,295
1140,Fashion,Nike,65.87,0.09,136
1141,Shoes,H&M,24.3,0.06,183
1142,Fashion,Adidas,31.93,0.4,307
1143,Beauty,Zara,33.79,0.13,47
1144,Accessories,Zara,7.13,0.07,352
1145,Beauty,Unbranded,32.75,0.12,20
1146,Shoes,Gucci,19.07,0.06,207
1147,Accessories,Adidas,22.32,0.19,75
1148,Shoes,Adidas,105.1,0.33,54
1149,Accessories,Zara,12.12,0.17,131
1150,Fashion,Nike,63.47,0.21,305
1151,Fashion,Gucci,26.49,0.29,329
1152,Fashion,Adidas,26.47,0.23,55
1153,Beauty,Zara,62.32,0.35,458
1154,Shoes,Adidas,43.47,0.35,236
1155,Beauty,Gucci,52.27,0.05,99
1156,Fashion,Gucci,71.85,0.32,333
1157,Shoes,H&M,25.41,0.21,102
1158,Fashion,Unbranded,20.29,0.4,84
1159,Beauty,Unbranded,13.9,0.22,344
1160,Beauty,Zara,17.11,0.4,147
1161,Beauty,Gucci,350.47,0.31,326
1162,Fashion,H&M,89.63,0.14,41
1163,Shoes,H&M,11.24,0.24,235
1164,Shoes,Adidas,11.5,0.4,126
1165,Fashion,Adidas,48.69,0.35,128
1166,Shoes,H&M,51.31,0.08,391
1167,Fashion,Adidas,51.37,0.3,376
1168,Shoes,Gucci,27.01,0.17,200
1169,Accessories,Nike,29.95,0.05,375
1170,Accessories,Gucci,43.05,0.19,183
1171,Beauty,H&M,35.47,0.13,87
1172,Accessories,H&M,5.61,0.34,311
1173,Accessories,Gucci,27.55,0.17,199
1174,Accessories,Adidas,16.76,0.34,200
1175,Fashion,Adidas,38.1,0.05,485
1176,Accessories,Unbranded,360.76,0.16,453
1177,Accessories,H&M,44.43,0.13,483
1178,Beauty,Zara,25.77,0.13,188
1179,Accessories,Unbranded,69.23,0.07,421
1180,Accessories,Adidas,48.72,0.12,41
1181,Shoes,Gucci,46.34,0.24,85
1182,Beauty,Adidas,53.81,0.15,40
1183,Beauty,Gucci,171.61,0.2,119
1184,Beauty,Unbranded,13.4,0.18,403
1185,Beauty,H&M,48.37,0.36,319
1186,Beauty,Adidas,15.78,0.37,122
1187,Beauty,Gucci,51.65,0.22,66
1188,Fashion,H&M,15.88,0.17,58
1189,Accessories,Zara,23.71,0.09,304
1190,Beauty,Gucci,26.15,0.38,329
1191,Accessories,Unbranded,72.29,0.07,109
1192,Accessories,Zara,69.05,0.15,104
1193,Fashion,Zara,12.22,0.15,292
1194,Beauty,Nike,34.6,0.16,355
1195,Shoes,Adidas,18.77,0.11,207
1196,Fashion,Gucci,12.1,0.32,178
1197,Shoes,Zara,27.84,0.09,262
1198,Accessories,Nike,25.87,0.27,92
1199,Accessories,Unbranded,230.76,0.09,498
1200,Fashion,H&M,46.82,0.07,481
1201,Fashion,Gucci,11.0,0.37,68
1202,Shoes,Zara,21.08,0.12,120
1203,Beauty,Adidas,74.97,0.34,21
1204,Shoes,Nike,176.05,0.24,263
1205,Fashion,Zara,9.31,0.08,195
1206,Shoes,Adidas,7.36,0.38,257
1207,Fashion,Zara,147.93,0.14,417
1208,Shoes,Gucci,45.23,0.35,78
1209,Fashion,Gucci,16.53,0.11,372
1210,Fashion,Gucci,50.79,0.35,118
1211,Fashion,Unbranded,4.02,0.05,461
1212,Beauty,Unbranded,33.2,0.23,378
1213,Shoes,Nike,43.05,0.32,461
1214,Shoes,Gucci,69.37,0.38,454
1215,Shoes,Adidas,14.72,0.37,487
1216,Fashion,Zara,35.47,0.34,21
1217,Shoes,H&M,15.79,0.36,262
1218,Shoes,Adidas,40.62,0.12,316
1219,Fashion,Unbranded,16.18,0.15,230
1220,Accessories,Unbranded,23.89,0.15,142
1221,Fashion,Adidas,14.93,0.18,248
1222,Shoes,Unbranded,55.75,0.19,101
1223,Fashion,Gucci,65.81,0.24,163
1224,Accessories,Nike,27.45,0.11,407
1225,Fashion,Zara,34.14,0.29,159
1226,Shoes,Nike,10.39,0.11,48
1227,Accessories,Zara,26.06,0.16,410
1228,Beauty,Zara,31.81,0.23,289
1229,Shoes,Nike,269.52,0.33,266
1230,Accessories,Adidas,13.6,0.31,31
1231,Accessories,Zara,106.84,0.28,374
1232,Beauty,Nike,73.51,0.1,408
1233,Fashion,Zara,41.45,0.24,356
1234,Fashion,H&M,135.22,0.08,125
1235,Shoes,Adidas,44.6,0.18,51
1236,Beauty,Gucci,45.21,0.19,93
1237,Fashion,Zara,31.74,0.06,190
1238,Beauty,H&M,88.13,0.15,356
1239,Fashion,Gucci,79.61,0.38,88
1240,Accessories,Gucci,20.07,0.38,320
1241,Fashion,Zara,11.53,0.17,381
1242,Beauty,Nike,28.15,0.07,156
1243,Accessories,Zara,17.46,0.11,452
1244,Accessories,H&M,31.47,0.19,436
1245,Accessories,Gucci,89.12,0.38,119
1246,Beauty,Zara,22.97,0.1,165
1247,Shoes,Nike,32.0,0.32,28
1248,Shoes,Zara,34.69,0.09,81
1249,Shoes,Adidas,65.28,0.39,204
1250,Beauty,Nike,5.49,0.18,48
1251,Accessories,H&M,20.38,0.32,400
1252,Shoes,Gucci,39.21,0.17,133
1253,Beauty,Zara,86.49,0.27,481
1254,Shoes,Nike,22.34,0.12,428
1255,Fashion,Adidas,7.38,0.1,162
1256,Shoes,Nike,54.37,0.38,409
1257,Shoes,Unbranded,19.92,0.37,139
1258,Accessories,Adidas,12.78,0.36,189
1259,Beauty,H&M,20.1,0.27,176
1260,Accessories,Gucci,28.57,0.33,354
1261,Accessories,H&M,20.41,0.07,368
1262,Accessories,Zara,5.67,0.17,279
1263,Accessories,Nike,67.87,0.16,101
1264,Accessories,Unbranded,91.83,0.27,261
1265,Shoes,Adidas,55.77,0.17,460
1266,Accessories,Adidas,13.33,0.1,452
1267,Accessories,Nike,28.19,0.26,191
1268,Beauty,Unbranded,32.94,0.34,250
1269,Fashion,Nike,53.47,0.18,227
1270,Shoes,Zara,56.52,0.1,94
1271,Shoes,H&M,18.41,0.12,289
1272,Shoes,Adidas,35.36,0.13,406
1273,Accessories,Zara,47.74,0.15,133
1274,Accessories,H&M,106.13,0.27,81
1275,Accessories,Zara,58.18,0.26,381
1276,Beauty,Unbranded,62.26,0.29,339
1277,Fashion,Adidas,35.41,0.18,121
1278,Accessories,Nike,102.35,0.34,448
1279,Fashion,Nike,45.96,0.12,381
1280,Beauty,H&M,16.63,0.21,229
1281,Shoes,Gucci,101.77,0.33,461
1282,Accessories,Unbranded,57.88,0.11,274
1283,Fashion,H&M,23.23,0.09,39
1284,Fashion,Gucci,22.57,0.36,77
1285,Accessories,Zara,41.98,0.17,131
1286,Shoes,Unbranded,47.97,0.29,492
1287,Shoes,Zara,38.78,0.06,332
1288,Shoes,Adidas,42.48,0.29,480
1289,Beauty,Unbranded,129.02,0.16,215
1290,Fashion,Gucci,78.04,0.07,394
1291,Fashion,Adidas,38.57,0.26,481
1292,Fashion,Nike,70.32,0.13,372
1293,Beauty,Gucci,14.5,0.19,111
1294,Fashion,H&M,45.53,0.08,71
1295,Beauty,Nike,140.81,0.1,312
1296,Shoes,Nike,27.81,0.15,27
1297,Accessories,H&M,16.81,0.08,319
1298,Fashion,Unbranded,19.65,0.37,117
1299,Fashion,Nike,13.85,0.05,255
1300,Shoes,Gucci,17.68,0.22,408
1301,Accessories,Adidas,24.62,0.09,393
1302,Beauty,Nike,10.76,0.16,88
1303,Accessories,Gucci,33.53,0.37,434
1304,Shoes,Zara,68.16,0.11,64
1305,Shoes,Gucci,16.02,0.39,156
1306,Accessories,Adidas,111.66,0.12,253
1307,Beauty,Gucci,49.83,0.31,51
1308,Beauty,H&M,75.53,0.24,308
1309,Fashion,Adidas,19.56,0.36,145
1310,Beauty,Unbranded,65.6,0.24,86
1311,Accessories,Zara,13.82,0.24,49
1312,Shoes,H&M,67.5,0.12,133
1313,Fashion,Unbranded,38.0,0.11,223
1314,Fashion,Gucci,51.55,0.37,48
1315,Shoes,Adidas,12.93,0.16,150
1316,Beauty,Zara,16.18,0.18,493
1317,Shoes,H&M,53.4,0.32,204
1318,Beauty,Unbranded,15.51,0.17,272
1319,Shoes,Unbranded,47.97,0.38,305
1320,Accessories,Zara,11.09,0.31,412
1321,Beauty,Gucci,65.27,0.26,429
1322,Accessories,Zara,12.35,0.36,405
1323,Fashion,Unbranded,51.51,0.07,81
1324,Shoes,Nike,54.63,0.14,22
1325,Fashion,H&M,18.96,0.21,449
1326,Fashion,Zara,52.75,0.13,87
1327,Fashion,Unbranded,40.79,0.31,44
1328,Fashion,Gucci,21.52,0.37,198
1329,Shoes,Unbranded,14.78,0.2,160
1330,Fashion,Gucci,6.89,0.17,250
1331,Shoes,Zara,43.8,0.39,319
1332,Shoes,Gucci,9.47,0.21,182
1333,Accessories,Adidas,35.74,0.22,330
1334,Beauty,Adidas,26.82,0.17,490
1335,Beauty,Adidas,57.01,0.37,412
1336,Shoes,Nike,26.01,0.25,149
1337,Accessories,Zara,25.44,0.32,464
1338,Shoes,Unbranded,59.47,0.33,265
1339,Shoes,Unbranded,43.3,0.17,316
1340,Shoes,Nike,42.65,0.2,191
1341,Accessories,Gucci,48.2,0.35,83
1342,Beauty,Nike,9.69,0.18,50
1343,Accessories,Gucci,60.67,0.33,66
1344,Fashion,Gucci,54.05,0.38,149
1345,Accessories,H&M,14.68,0.27,371
1346,Accessories,Unbranded,27.24,0.31,485
1347,Accessories,Adidas,32.09,0.33,352
1348,Accessories,Gucci,29.74,0.35,129
1349,Beauty,H&M,43.25,0.19,88
1350,Fashion,Unbranded,104.07,0.07,77
1351,Beauty,Adidas,78.68,0.19,125
1352,Beauty,Gucci,11.59,0.29,319
1353,Accessories,Gucci,54.47,0.21,349
1354,Shoes,Nike,95.88,0.31,275
1355,Shoes,Nike,45.13,0.17,331
1356,Beauty,Unbranded,79.26,0.27,190
1357,Beauty,Adidas,165.64,0.12,402
1358,Accessories,Gucci,75.11,0.31,492
1359,Beauty,Unbranded,40.42,0.24,181
1360,Accessories,Unbranded,76.41,0.12,305
1361,Shoes,Zara,37.19,0.15,90
1362,Shoes,Nike,33.75,0.31,274
1363,Fashion,Adidas,25.0,0.22,473
1364,Shoes,Gucci,115.67,0.13,393
1365,Beauty,Unbranded,17.21,0.39,74
1366,Shoes,Gucci,112.83,0.3,342
1367,Accessories,Zara,49.4,0.38,416
1368,Shoes,Adidas,10.81,0.2,22
1369,Fashion,Unbranded,44.44,0.22,45
1370,Shoes,Gucci,6.17,0.36,332
1371,Accessories,Nike,54.62,0.23,145
1372,Accessories,Zara,67.23,0.3,427
1373,Beauty,Adidas,20.62,0.14,72
1374,Shoes,Zara,36.56,0.21,217
1375,Accessories,Nike,158.12,0.09,318
1376,Fashion,Adidas,22.1,0.12,207
1377,Beauty,Zara,14.19,0.05,205
1378,Fashion,H&M,108.35,0.06,324
1379,Shoes,Nike,159.19,0.39,317
1380,Shoes,Nike,33.21,0.13,223
1381,Shoes,Nike,74.38,0.28,469
1382,Beauty,H&M,96.85,0.34,30
1383,Accessories,H&M,18.28,0.24,378
1384,Beauty,Gucci,22.46,0.1,373
1385,Fashion,Unbranded,88.65,0.3,493
1386,Beauty,Zara,127.49,0.26,165
1387,Fashion,Gucci,51.95,0.31,104
1388,Beauty,Zara,16.38,0.32,119
1389,Accessories,Unbranded,162.33,0.39,123
1390,Fashion,H&M,21.65,0.25,455
1391,Shoes,Unbranded,25.33,0.17,65
1392,Shoes,H&M,43.55,0.28,63
1393,Beauty,Unbranded,114.82,0.07,297
1394,Shoes,Gucci,65.57,0.36,200
1395,Fashion,Adidas,46.15,0.09,206
1396,Shoes,Gucci,47.97,0.16,497
1397,Accessories,Zara,34.29,0.34,133
1398,Accessories,Gucci,51.75,0.26,274
1399,Beauty,Nike,4.38,0.19,400
1400,Fashion,Zara,26.12,0.22,399
1401,Accessories,Unbranded,40.17,0.35,49
1402,Accessories,Zara,13.19,0.17,283
1403,Fashion,Adidas,45.11,0.35,117
1404,Shoes,H&M,28.12,0.08,332
1405,Shoes,Unbranded,134.88,0.32,386
1406,Beauty,Zara,116.56,0.35,348
1407,Shoes,Unbranded,22.81,0.11,134
1408,Fashion,Unbranded,29.35,0.2,295
1409,Accessories,Unbranded,31.21,0.11,300
1410,Shoes,H&M,23.07,0.3,294
1411,Beauty,Gucci,38.71,0.24,280
1412,Shoes,Unbranded,18.05,0.27,350
1413,Fashion,Nike,13.4,0.12,226
1414,Beauty,Adidas,54.5,0.12,403
1415,Shoes,H&M,54.8,0.06,347
1416,Beauty,Zara,17.4,0.16,230
1417,Fashion,H&M,67.78,0.25,234
1418,Accessories,Zara,19.98,0.35,430
1419,Fashion,H&M,40.55,0.28,59
1420,Fashion,Zara,63.83,0.2,499
1421,Fashion,Unbranded,32.24,0.38,45
1422,Fashion,Gucci,47.65,0.3,46
1423,Accessories,Zara,21.91,0.38,209
1424,Accessories,Zara,28.3,0.23,102
1425,Beauty,Nike,28.09,0.14,403
1426,Shoes,Zara,18.22,0.07,453
1427,Accessories,Nike,28.75,0.3,189
1428,Accessories,Adidas,9.59,0.09,432
1429,Shoes,Unbranded,22.36,0.16,186
1430,Accessories,Nike,26.37,0.24,207
1431,Fashion,Gucci,26.98,0.25,188
1432,Fashion,Unbranded,27.3,0.26,308
1433,Shoes,Nike,31.52,0.11,486
1434,Beauty,Unbranded,48.6,0.18,248
1435,Beauty,Unbranded,66.66,0.27,486
1436,Shoes,Unbranded,19.69,0.39,116
1437,Shoes,Adidas,12.65,0.3,386
1438,Fashion,Gucci,14.39,0.37,35
1439,Beauty,H&M,22.43,0.32,298
1440,Accessories,H&M,24.99,0.26,154
1441,Fashion,Nike,17.89,0.12,45
1442,Shoes,Unbranded,11.74,0.28,371
1443,Beauty,Nike,22.99,0.27,31
1444,Accessories,Adidas,38.29,0.26,91
1445,Accessories,Adidas,53.3,0.22,152
1446,Fashion,Zara,21.2,0.24,125
1447,Beauty,Adidas,23.8,0.17,239
1448,Beauty,Zara,15.78,0.23,392
1449,Shoes,Gucci,32.29,0.12,472
1450,Beauty,Nike,16.8,0.33,196
1451,Beauty,Gucci,52.38,0.12,301
1452,Fashion,Adidas,7.94,0.08,152
1453,Beauty,Gucci,24.84,0.2,41
1454,Accessories,Gucci,42.14,0.28,482
1455,Fashion,Gucci,38.36,0.2,288
1456,Fashion,Adidas,285.55,0.15,431
1457,Shoes,Unbranded,43.81,0.25,180
1458,Beauty,Gucci,14.83,0.17,126
1459,Shoes,Zara,30.68,0.38,298
1460,Accessories,Adidas,8.0,0.37,372
1461,Fashion,Gucci,31.05,0.23,254
1462,Fashion,Unbranded,17.01,0.16,37
1463,Fashion,Adidas,68.88,0.31,261
1464,Accessories,H&M,21.34,0.06,136
1465,Accessories,Unbranded,30.16,0.22,305
1466,Shoes,Zara,19.92,0.17,301
1467,Shoes,Gucci,133.1,0.37,163
1468,Shoes,H&M,25.61,0.05,224
1469,Beauty,H&M,143.46,0.24,58
1470,Fashion,Adidas,63.52,0.31,436
1471,Fashion,H&M,48.7,0.22,173
1472,Shoes,Zara,44.48,0.08,195
1473,Fashion,Zara,45.38,0.39,468
1474,Shoes,Nike,7.08,0.23,260
1475,Beauty,Zara,26.49,0.26,441
1476,Beauty,Unbranded,65.11,0.13,405
1477,Accessories,H&M,31.85,0.22,388
1478,Beauty,Zara,10.76,0.2,153
1479,Shoes,Adidas,31.76,0.08,65
1480,Beauty,Nike,129.45,0.09,69
1481,Accessories,H&M,89.79,0.34,185
1482,Fashion,Nike,31.51,0.13,125
1483,Shoes,H&M,70.89,0.12,235
1484,Fashion,Adidas,24.7,0.23,165
1485,Accessories,Nike,8.47,0.32,430
1486,Accessories,Gucci,15.81,0.07,444
1487,Accessories,Unbranded,115.62,0.25,91
1488,Fashion,Unbranded,26.6,0.09,495
1489,Fashion,H&M,27.26,0.06,349
1490,Fashion,Gucci,26.05,0.07,292
1491,Fashion,Nike,151.91,0.34,266
1492,Accessories,Gucci,121.6,0.09,465
1493,Accessories,Gucci,195.4,0.07,432
1494,Shoes,Nike,29.16,0.2,205
1495,Shoes,Adidas,41.95,0.35,89
1496,Fashion,Gucci,9.84,0.14,481
1497,Beauty,Gucci,107.94,0.2,169
1498,Beauty,Adidas,13.01,0.06,265
1499,Accessories,Gucci,39.39,0.21,281
1500,Accessories,Gucci,13.77,0.25,45
